[
  {
    "date": "2022-01-01",
    "store_id": "S1",
    "item_id": "I001",
    "sales": 10,
    "price": 10.99,
    "promotion": true,
    "day_of_week": "Saturday",
    "weather": "Sunny",
    "item_name": "Tata Tea"
  },
  {
    "date": "2022-01-02",
    "store_id": "S1",
    "item_id": "I002",
    "sales": 15,
    "price": 12.99,
    "promotion": false,
    "day_of_week": "Sunday",
    "weather": "Cloudy",
    "item_name": "Bajaj Appliances"
  },
  {
    "date": "2022-01-03",
    "store_id": "S1",
    "item_id": "I003",
    "sales": 20,
    "price": 9.99,
    "promotion": true,
    "day_of_week": "Monday",
    "weather": "Rainy",
    "item_name": "Godrej Appliances"
  },
  {
    "date": "2022-01-04",
    "store_id": "S1",
    "item_id": "I004",
    "sales": 25,
    "price": 8.99,
    "promotion": false,
    "day_of_week": "Tuesday",
    "weather": "Sunny",
    "item_name": "Havells Fans"
  },
  {
    "date": "2022-01-05",
    "store_id": "S1",
    "item_id": "I005",
    "sales": 30,
    "price": 11.99,
    "promotion": true,
    "day_of_week": "Wednesday",
    "weather": "Cloudy",
    "item_name": "Parle Confectionery"
  },
  {
    "date": "2022-01-06",
    "store_id": "S1",
    "item_id": "I006",
    "sales": 35,
    "price": 7.99,
    "promotion": false,
    "day_of_week": "Thursday",
    "weather": "Rainy",
    "item_name": "Dabur Foods"
  },
  {
    "date": "2022-01-07",
    "store_id": "S1",
    "item_id": "I007",
    "sales": 40,
    "price": 10.99,
    "promotion": true,
    "day_of_week": "Friday",
    "weather": "Sunny",
    "item_name": "Patanjali Home Care"
  },
  {
    "date": "2022-01-08",
    "store_id": "S1",
    "item_id": "I008",
    "sales": 45,
    "price": 12.99,
    "promotion": false,
    "day_of_week": "Saturday",
    "weather": "Cloudy",
    "item_name": "Haldiram Snacks"
  },
  {
    "date": "2022-01-09",
    "store_id": "S1",
    "item_id": "I009",
    "sales": 50,
    "price": 9.99,
    "promotion": true,
    "day_of_week": "Sunday",
    "weather": "Rainy",
    "item_name": "MTR Spices"
  },
  {
    "date": "2022-01-10",
    "store_id": "S1",
    "item_id": "I010",
    "sales": 55,
    "price": 8.99,
    "promotion": false,
    "day_of_week": "Monday",
    "weather": "Sunny",
    "item_name": "Amul Butter"
  },
  {
    "date": "2022-01-11",
    "store_id": "S1",
    "item_id": "I011",
    "sales": 60,
    "price": 11.99,
    "promotion": true,
    "day_of_week": "Tuesday",
    "weather": "Cloudy",
    "item_name": "Tata Tea"
  },
  {
    "date": "2022-01-12",
    "store_id": "S1",
    "item_id": "I012",
    "sales": 65,
    "price": 7.99,
    "promotion": false,
    "day_of_week": "Wednesday",
    "weather": "Rainy",
    "item_name": "Bajaj Appliances"
  },
  {
    "date": "2022-01-13",
    "store_id": "S1",
    "item_id": "I013",
    "sales": 70,
    "price": 10.99,
    "promotion": true,
    "day_of_week": "Thursday",
    "weather": "Sunny",
    "item_name": "Godrej Appliances"
  },
  {
    "date": "2022-01-14",
    "store_id": "S1",
    "item_id": "I014",
    "sales": 75,
    "price": 12.99,
    "promotion": false,
    "day_of_week": "Friday",
    "weather": "Cloudy",
    "item_name": "Havells Fans"
  },
  {
    "date": "2022-01-15",
    "store_id": "S1",
    "item_id": "I015",
    "sales": 80,
    "price": 9.99,
    "promotion": true,
    "day_of_week": "Saturday",
    "weather": "Rainy",
    "item_name": "Parle Confectionery"
  },
  {
    "date": "2022-01-16",
    "store_id": "S1",
    "item_id": "I016",
    "sales": 85,
    "price": 8.99,
    "promotion": false,
    "day_of_week": "Sunday",
    "weather": "Sunny",
    "item_name": "Dabur Foods"
  },
  {
    "date": "2022-01-17",
    "store_id": "S1",
    "item_id": "I017",
    "sales": 90,
    "price": 11.99,
    "promotion": true,
    "day_of_week": "Monday",
    "weather": "Cloudy",
    "item_name": "Patanjali Home Care"
  },
  {
    "date": "2022-01-18",
    "store_id": "S1",
    "item_id": "I018",
    "sales": 95,
    "price": 7.99,
    "promotion": false,
    "day_of_week": "Tuesday",
    "weather": "Rainy",
    "item_name": "Haldiram Snacks"
  },
  {
    "date": "2022-01-19",
    "store_id": "S1",
    "item_id": "I019",
    "sales": 100,
    "price": 10.99,
    "promotion": true,
    "day_of_week": "Wednesday",
    "weather": "Sunny",
    "item_name": "MTR Spices"
  },
  {
    "date": "2022-01-20",
    "store_id": "S1",
    "item_id": "I020",
    "sales": 105,
    "price": 12.99,
    "promotion": false,
    "day_of_week": "Thursday",
    "weather": "Cloudy",
    "item_name": "Amul Butter"
  },
  {
    "date": "2022-01-21",
    "store_id": "S1",
    "item_id": "I021",
    "sales": 110,
    "price": 9.99,
    "promotion": true,
    "day_of_week": "Friday",
    "weather": "Rainy",
    "item_name": "Tata Tea"
  },
  {
    "date": "2022-01-22",
    "store_id": "S1",
    "item_id": "I022",
    "sales": 115,
    "price": 8.99,
    "promotion": false,
    "day_of_week": "Saturday",
    "weather": "Sunny",
    "item_name": "Bajaj Appliances"
  },
  {
    "date": "2022-01-23",
    "store_id": "S1",
    "item_id": "I023",
    "sales": 120,
    "price": 11.99,
    "promotion": true,
    "day_of_week": "Sunday",
    "weather": "Cloudy",
    "item_name": "Godrej Appliances"
  },
  {
    "date": "2022-01-24",
    "store_id": "S1",
    "item_id": "I024",
    "sales": 125,
    "price": 7.99,
    "promotion": false,
    "day_of_week": "Monday",
    "weather": "Rainy",
    "item_name": "Havells Fans"
  },
  {
    "date": "2022-01-25",
    "store_id": "S1",
    "item_id": "I025",
    "sales": 130,
    "price": 10.99,
    "promotion": true,
    "day_of_week": "Tuesday",
    "weather": "Sunny",
    "item_name": "Parle Confectionery"
  },
  {
    "date": "2022-01-26",
    "store_id": "S1",
    "item_id": "I026",
    "sales": 135,
    "price": 12.99,
    "promotion": false,
    "day_of_week": "Wednesday",
    "weather": "Cloudy",
    "item_name": "Dabur Foods"
  },
  {
    "date": "2022-01-27",
    "store_id": "S1",
    "item_id": "I027",
    "sales": 140,
    "price": 9.99,
    "promotion": true,
    "day_of_week": "Thursday",
    "weather": "Rainy",
    "item_name": "Patanjali Home Care"
  },
  {
    "date": "2022-01-28",
    "store_id": "S1",
    "item_id": "I028",
    "sales": 145,
    "price": 8.99,
    "promotion": false,
    "day_of_week": "Friday",
    "weather": "Sunny",
    "item_name": "Haldiram Snacks"
  },
  {
    "date": "2022-01-29",
    "store_id": "S1",
    "item_id": "I029",
    "sales": 150,
    "price": 11.99,
    "promotion": true,
    "day_of_week": "Saturday",
    "weather": "Cloudy",
    "item_name": "MTR Spices"
  },
  {
    "date": "2022-01-30",
    "store_id": "S1",
    "item_id": "I030",
    "sales": 155,
    "price": 7.99,
    "promotion": false,
    "day_of_week": "Sunday",
    "weather": "Rainy",
    "item_name": "Amul Butter"
  },
  {
    "date": "2022-01-31",
    "store_id": "S1",
    "item_id": "I031",
    "sales": 160,
    "price": 10.99,
    "promotion": true,
    "day_of_week": "Monday",
    "weather": "Sunny",
    "item_name": "Tata Tea"
  },
  {
    "date": "2022-02-01",
    "store_id": "S1",
    "item_id": "I032",
    "sales": 165,
    "price": 12.99,
    "promotion": false,
    "day_of_week": "Tuesday",
    "weather": "Cloudy",
    "item_name": "Bajaj Appliances"
  },
  {
    "date": "2022-02-02",
    "store_id": "S1",
    "item_id": "I033",
    "sales": 170,
    "price": 9.99,
    "promotion": true,
    "day_of_week": "Wednesday",
    "weather": "Rainy",
    "item_name": "Godrej Appliances"
  },
  {
    "date": "2022-02-03",
    "store_id": "S1",
    "item_id": "I034",
    "sales": 175,
    "price": 8.99,
    "promotion": false,
    "day_of_week": "Thursday",
    "weather": "Sunny",
    "item_name": "Havells Fans"
  },
  {
    "date": "2022-02-04",
    "store_id": "S1",
    "item_id": "I035",
    "sales": 180,
    "price": 11.99,
    "promotion": true,
    "day_of_week": "Friday",
    "weather": "Cloudy",
    "item_name": "Parle Confectionery"
  },
  {
    "date": "2022-02-05",
    "store_id": "S1",
    "item_id": "I036",
    "sales": 185,
    "price": 12.99,
    "promotion": false,
    "day_of_week": "Saturday",
    "weather": "Rainy",
    "item_name": "Dabur Foods"
  },
  {
    "date": "2022-02-06",
    "store_id": "S1",
    "item_id": "I037",
    "sales": 190,
    "price": 9.99,
    "promotion": true,
    "day_of_week": "Sunday",
    "weather": "Sunny",
    "item_name": "Patanjali Home Care"
  },
  {
    "date": "2022-02-07",
    "store_id": "S1",
    "item_id": "I038",
    "sales": 195,
    "price": 8.99,
    "promotion": false,
    "day_of_week": "Monday",
    "weather": "Cloudy",
    "item_name": "Haldiram Snacks"
  },
  {
    "date": "2022-02-08",
    "store_id": "S1",
    "item_id": "I039",
    "sales": 200,
    "price": 11.99,
    "promotion": true,
    "day_of_week": "Tuesday",
    "weather": "Rainy",
    "item_name": "MTR Spices"
  },
  {
    "date": "2022-02-09",
    "store_id": "S1",
    "item_id": "I040",
    "sales": 205,
    "price": 7.99,
    "promotion": false,
    "day_of_week": "Wednesday",
    "weather": "Sunny",
    "item_name": "Amul Butter"
  },
  {
    "date": "2022-02-10",
    "store_id": "S1",
    "item_id": "I041",
    "sales": 210,
    "price": 10.99,
    "promotion": true,
    "day_of_week": "Thursday",
    "weather": "Cloudy",
    "item_name": "Tata Tea"
  },
  {
    "date": "2022-02-11",
    "store_id": "S1",
    "item_id": "I042",
    "sales": 215,
    "price": 12.99,
    "promotion": false,
    "day_of_week": "Friday",
    "weather": "Rainy",
    "item_name": "Bajaj Appliances"
  },
  {
    "date": "2022-02-12",
    "store_id": "S1",
    "item_id": "I043",
    "sales": 220,
    "price": 9.99,
    "promotion": true,
    "day_of_week": "Saturday",
    "weather": "Sunny",
    "item_name": "Godrej Appliances"
  },
  {
    "date": "2022-02-13",
    "store_id": "S1",
    "item_id": "I044",
    "sales": 225,
    "price": 8.99,
    "promotion": false,
    "day_of_week": "Sunday",
    "weather": "Cloudy",
    "item_name": "Havells Fans"
  },
  {
    "date": "2022-02-14",
    "store_id": "S1",
    "item_id": "I045",
    "sales": 230,
    "price": 11.99,
    "promotion": true,
    "day_of_week": "Monday",
    "weather": "Rainy",
    "item_name": "Parle Confectionery"
  },
  {
    "date": "2022-02-15",
    "store_id": "S1",
    "item_id": "I046",
    "sales": 235,
    "price": 12.99,
    "promotion": false,
    "day_of_week": "Tuesday",
    "weather": "Sunny",
    "item_name": "Dabur Foods"
  },
  {
    "date": "2022-02-16",
    "store_id": "S1",
    "item_id": "I047",
    "sales": 240,
    "price": 9.99,
    "promotion": true,
    "day_of_week": "Wednesday",
    "weather": "Cloudy",
    "item_name": "Patanjali Home Care"
  },
  {
    "date": "2022-02-17",
    "store_id": "S1",
    "item_id": "I048",
    "sales": 245,
    "price": 8.99,
    "promotion": false,
    "day_of_week": "Thursday",
    "weather": "Rainy",
    "item_name": "Haldiram Snacks"
  },
  {
    "date": "2022-02-18",
    "store_id": "S1",
    "item_id": "I049",
    "sales": 250,
    "price": 11.99,
    "promotion": true,
    "day_of_week": "Friday",
    "weather": "Sunny",
    "item_name": "MTR Spices"
  },
  {
    "date": "2022-02-19",
    "store_id": "S1",
    "item_id": "I050",
    "sales": 255,
    "price": 12.99,
    "promotion": false,
    "day_of_week": "Saturday",
    "weather": "Cloudy",
    "item_name": "Amul Butter"
  },
  {
    "date": "2022-02-20",
    "store_id": "S1",
    "item_id": "I051",
    "sales": 260,
    "price": 9.99,
    "promotion": true,
    "day_of_week": "Sunday",
    "weather": "Rainy",
    "item_name": "Tata Tea"
  },
  {
    "date": "2022-02-21",
    "store_id": "S1",
    "item_id": "I052",
    "sales": 265,
    "price": 8.99,
    "promotion": false,
    "day_of_week": "Monday",
    "weather": "Sunny",
    "item_name": "Bajaj Appliances"
  },
  {
    "date": "2022-02-22",
    "store_id": "S1",
    "item_id": "I053",
    "sales": 270,
    "price": 11.99,
    "promotion": true,
    "day_of_week": "Tuesday",
    "weather": "Cloudy",
    "item_name": "Godrej Appliances"
  },
  {
    "date": "2022-02-23",
    "store_id": "S1",
    "item_id": "I054",
    "sales": 275,
    "price": 7.99,
    "promotion": false,
    "day_of_week": "Wednesday",
    "weather": "Rainy",
    "item_name": "Havells Fans"
  },
  {
    "date": "2022-02-24",
    "store_id": "S1",
    "item_id": "I055",
    "sales": 280,
    "price": 10.99,
    "promotion": true,
    "day_of_week": "Thursday",
    "weather": "Sunny",
    "item_name": "Parle Confectionery"
  },
  {
    "date": "2022-02-25",
    "store_id": "S1",
    "item_id": "I056",
    "sales": 285,
    "price": 12.99,
    "promotion": false,
    "day_of_week": "Friday",
    "weather": "Cloudy",
    "item_name": "Dabur Foods"
  },
  {
    "date": "2022-02-26",
    "store_id": "S1",
    "item_id": "I057",
    "sales": 290,
    "price": 9.99,
    "promotion": true,
    "day_of_week": "Saturday",
    "weather": "Rainy",
    "item_name": "Patanjali Home Care"
  },
  {
    "date": "2022-02-27",
    "store_id": "S1",
    "item_id": "I058",
    "sales": 295,
    "price": 8.99,
    "promotion": false,
    "day_of_week": "Sunday",
    "weather": "Sunny",
    "item_name": "Haldiram Snacks"
  },
  {
    "date": "2022-02-28",
    "store_id": "S1",
    "item_id": "I059",
    "sales": 300,
    "price": 11.99,
    "promotion": true,
    "day_of_week": "Monday",
    "weather": "Cloudy",
    "item_name": "MTR Spices"
  },
  {
    "date": "2022-03-01",
    "store_id": "S1",
    "item_id": "I060",
    "sales": 305,
    "price": 12.99,
    "promotion": false,
    "day_of_week": "Tuesday",
    "weather": "Rainy",
    "item_name": "Amul Butter"
  },
  {
    "date": "2022-03-02",
    "store_id": "S1",
    "item_id": "I061",
    "sales": 310,
    "price": 9.99,
    "promotion": true,
    "day_of_week": "Wednesday",
    "weather": "Sunny",
    "item_name": "Tata Tea"
  },
  {
    "date": "2022-03-03",
    "store_id": "S1",
    "item_id": "I062",
    "sales": 315,
    "price": 8.99,
    "promotion": false,
    "day_of_week": "Thursday",
    "weather": "Cloudy",
    "item_name": "Bajaj Appliances"
  },
  {
    "date": "2022-03-04",
    "store_id": "S1",
    "item_id": "I063",
    "sales": 320,
    "price": 11.99,
    "promotion": true,
    "day_of_week": "Friday",
    "weather": "Rainy",
    "item_name": "Godrej Appliances"
  },
  {
    "date": "2022-03-05",
    "store_id": "S1",
    "item_id": "I064",
    "sales": 325,
    "price": 12.99,
    "promotion": false,
    "day_of_week": "Saturday",
    "weather": "Cloudy",
    "item_name": "Havells Fans"
  },
  {
    "date": "2022-03-06",
    "store_id": "S1",
    "item_id": "I065",
    "sales": 330,
    "price": 9.99,
    "promotion": true,
    "day_of_week": "Sunday",
    "weather": "Rainy",
    "item_name": "Parle Confectionery"
  },
  {
    "date": "2022-03-07",
    "store_id": "S1",
    "item_id": "I066",
    "sales": 335,
    "price": 8.99,
    "promotion": false,
    "day_of_week": "Monday",
    "weather": "Sunny",
    "item_name": "Dabur Foods"
  },
  {
    "date": "2022-03-08",
    "store_id": "S1",
    "item_id": "I067",
    "sales": 340,
    "price": 11.99,
    "promotion": true,
    "day_of_week": "Tuesday",
    "weather": "Cloudy",
    "item_name": "Patanjali Home Care"
  },
  {
    "date": "2022-03-09",
    "store_id": "S1",
    "item_id": "I068",
    "sales": 345,
    "price": 7.99,
    "promotion": false,
    "day_of_week": "Wednesday",
    "weather": "Rainy",
    "item_name": "Haldiram Snacks"
  },
  {
    "date": "2022-03-10",
    "store_id": "S1",
    "item_id": "I069",
    "sales": 350,
    "price": 10.99,
    "promotion": true,
    "day_of_week": "Thursday",
    "weather": "Sunny",
    "item_name": "MTR Spices"
  },
  {
    "date": "2022-03-11",
    "store_id": "S1",
    "item_id": "I070",
    "sales": 355,
    "price": 12.99,
    "promotion": false,
    "day_of_week": "Friday",
    "weather": "Cloudy",
    "item_name": "Amul Butter"
  },
  {
    "date": "2022-03-12",
    "store_id": "S1",
    "item_id": "I071",
    "sales": 360,
    "price": 9.99,
    "promotion": true,
    "day_of_week": "Saturday",
    "weather": "Rainy",
    "item_name": "Tata Tea"
  },
  {
    "date": "2022-03-13",
    "store_id": "S1",
    "item_id": "I072",
    "sales": 365,
    "price": 8.99,
    "promotion": false,
    "day_of_week": "Sunday",
    "weather": "Sunny",
    "item_name": "Bajaj Appliances"
  },
  {
    "date": "2022-03-14",
    "store_id": "S1",
    "item_id": "I073",
    "sales": 370,
    "price": 11.99,
    "promotion": true,
    "day_of_week": "Monday",
    "weather": "Cloudy",
    "item_name": "Godrej Appliances"
  },
  {
    "date": "2022-03-15",
    "store_id": "S1",
    "item_id": "I074",
    "sales": 375,
    "price": 12.99,
    "promotion": false,
    "day_of_week": "Tuesday",
    "weather": "Rainy",
    "item_name": "Havells Fans"
  },
  {
    "date": "2022-03-16",
    "store_id": "S1",
    "item_id": "I075",
    "sales": 380,
    "price": 9.99,
    "promotion": true,
    "day_of_week": "Wednesday",
    "weather": "Sunny",
    "item_name": "Parle Confectionery"
  },
  {
    "date": "2022-03-17",
    "store_id": "S1",
    "item_id": "I076",
    "sales": 385,
    "price": 8.99,
    "promotion": false,
    "day_of_week": "Thursday",
    "weather": "Cloudy",
    "item_name": "Dabur Foods"
  },
  {
    "date": "2022-03-18",
    "store_id": "S1",
    "item_id": "I077",
    "sales": 390,
    "price": 11.99,
    "promotion": true,
    "day_of_week": "Friday",
    "weather": "Rainy",
    "item_name": "Patanjali Home Care"
  },
  {
    "date": "2022-03-19",
    "store_id": "S1",
    "item_id": "I078",
    "sales": 395,
    "price": 12.99,
    "promotion": false,
    "day_of_week": "Saturday",
    "weather": "Cloudy",
    "item_name": "Haldiram Snacks"
  },
  {
    "date": "2022-03-20",
    "store_id": "S1",
    "item_id": "I079",
    "sales": 400,
    "price": 9.99,
    "promotion": true,
    "day_of_week": "Sunday",
    "weather": "Rainy",
    "item_name": "MTR Spices"
  },
  {
    "date": "2022-03-21",
    "store_id": "S1",
    "item_id": "I080",
    "sales": 405,
    "price": 8.99,
    "promotion": false,
    "day_of_week": "Monday",
    "weather": "Sunny",
    "item_name": "Amul Butter"
  },
  {
    "date": "2022-03-22",
    "store_id": "S1",
    "item_id": "I081",
    "sales": 410,
    "price": 11.99,
    "promotion": true,
    "day_of_week": "Tuesday",
    "weather": "Cloudy",
    "item_name": "Tata Tea"
  },
  {
    "date": "2022-03-23",
    "store_id": "S1",
    "item_id": "I082",
    "sales": 415,
    "price": 7.99,
    "promotion": false,
    "day_of_week": "Wednesday",
    "weather": "Rainy",
    "item_name": "Bajaj Appliances"
  },
  {
    "date": "2022-03-24",
    "store_id": "S1",
    "item_id": "I083",
    "sales": 420,
    "price": 10.99,
    "promotion": true,
    "day_of_week": "Thursday",
    "weather": "Sunny",
    "item_name": "Godrej Appliances"
  },
  {
    "date": "2022-03-25",
    "store_id": "S1",
    "item_id": "I084",
    "sales": 425,
    "price": 12.99,
    "promotion": false,
    "day_of_week": "Friday",
    "weather": "Cloudy",
    "item_name": "Havells Fans"
  },
  {
    "date": "2022-03-26",
    "store_id": "S1",
    "item_id": "I085",
    "sales": 430,
    "price": 9.99,
    "promotion": true,
    "day_of_week": "Saturday",
    "weather": "Rainy",
    "item_name": "Parle Confectionery"
  },
  {
    "date": "2022-03-27",
    "store_id": "S1",
    "item_id": "I086",
    "sales": 435,
    "price": 8.99,
    "promotion": false,
    "day_of_week": "Sunday",
    "weather": "Sunny",
    "item_name": "Dabur Foods"
  },
  {
    "date": "2022-03-28",
    "store_id": "S1",
    "item_id": "I087",
    "sales": 440,
    "price": 11.99,
    "promotion": true,
    "day_of_week": "Monday",
    "weather": "Cloudy",
    "item_name": "Patanjali Home Care"
  },
  {
    "date": "2022-03-29",
    "store_id": "S1",
    "item_id": "I088",
    "sales": 445,
    "price": 12.99,
    "promotion": false,
    "day_of_week": "Tuesday",
    "weather": "Rainy",
    "item_name": "Haldiram Snacks"
  },
  {
    "date": "2022-03-30",
    "store_id": "S1",
    "item_id": "I089",
    "sales": 450,
    "price": 9.99,
    "promotion": true,
    "day_of_week": "Wednesday",
    "weather": "Sunny",
    "item_name": "MTR Spices"
  },
  {
    "date": "2022-03-31",
    "store_id": "S1",
    "item_id": "I090",
    "sales": 455,
    "price": 8.99,
    "promotion": false,
    "day_of_week": "Thursday",
    "weather": "Cloudy",
    "item_name": "Amul Butter"
  },
  {
    "date": "2022-04-01",
    "store_id": "S1",
    "item_id": "I091",
    "sales": 460,
    "price": 11.99,
    "promotion": true,
    "day_of_week": "Friday",
    "weather": "Rainy",
    "item_name": "Tata Tea"
  },
  {
    "date": "2022-04-02",
    "store_id": "S1",
    "item_id": "I092",
    "sales": 465,
    "price": 12.99,
    "promotion": false,
    "day_of_week": "Saturday",
    "weather": "Cloudy",
    "item_name": "Bajaj Appliances"
  },
  {
    "date": "2022-04-03",
    "store_id": "S1",
    "item_id": "I093",
    "sales": 470,
    "price": 9.99,
    "promotion": true,
    "day_of_week": "Sunday",
    "weather": "Rainy",
    "item_name": "Godrej Appliances"
  },
  {
    "date": "2022-04-04",
    "store_id": "S1",
    "item_id": "I094",
    "sales": 475,
    "price": 8.99,
    "promotion": false,
    "day_of_week": "Monday",
    "weather": "Sunny",
    "item_name": "Havells Fans"
  },
  {
    "date": "2022-04-05",
    "store_id": "S1",
    "item_id": "I095",
    "sales": 480,
    "price": 11.99,
    "promotion": true,
    "day_of_week": "Tuesday",
    "weather": "Cloudy",
    "item_name": "Parle Confectionery"
  },
  {
    "date": "2022-04-06",
    "store_id": "S1",
    "item_id": "I096",
    "sales": 485,
    "price": 7.99,
    "promotion": false,
    "day_of_week": "Wednesday",
    "weather": "Rainy",
    "item_name": "Dabur Foods"
  },
  {
    "date": "2022-04-07",
    "store_id": "S1",
    "item_id": "I097",
    "sales": 490,
    "price": 10.99,
    "promotion": true,
    "day_of_week": "Thursday",
    "weather": "Sunny",
    "item_name": "Patanjali Home Care"
  },
  {
    "date": "2022-04-08",
    "store_id": "S1",
    "item_id": "I098",
    "sales": 495,
    "price": 12.99,
    "promotion": false,
    "day_of_week": "Friday",
    "weather": "Cloudy",
    "item_name": "Haldiram Snacks"
  },
  {
    "date": "2022-04-09",
    "store_id": "S1",
    "item_id": "I099",
    "sales": 500,
    "price": 9.99,
    "promotion": true,
    "day_of_week": "Saturday",
    "weather": "Rainy",
    "item_name": "MTR Spices"
  },
  {
    "date": "2022-04-10",
    "store_id": "S1",
    "item_id": "I100",
    "sales": 505,
    "price": 8.99,
    "promotion": false,
    "day_of_week": "Sunday",
    "weather": "Sunny",
    "item_name": "Amul Butter"
  }
]