[
{"user_id": 1, "product": "Battery Power Kids Toothbrush - Barbie"},
{"user_id": 2, "product": "Garlic oil Vegetarian Capsule 500mg"},
{"user_id": 3, "product": "Face Wash - Oil Control, Active"}, 
{"user_id": 4, "product": "Lemon & Tea Tree Oil Soap"},
{"user_id": 5, "product": "Sauce - Sweet & Sour"},
{"user_id": 6, "product": "Topp Up Milk - Elaichi"},
{"user_id": 7, "product": "Millet Rusk - Sweet"},
{"user_id": 8, "product": "Spiced Tea - Blend Of 7 Refreshing Spices"},
{"user_id": 9, "product": "Skin Cream"},
{"user_id": 10, "product": "Baby Napkins - Mini Terry"}
  
 ]
